name	place	lat	lon
@1972matthewmill	Natalia Burque Leon, San Luis Rio Colorado, San Luis RÃ­o Colorado, Sonora, 83400, MÃ©xico	32.4215	-114.8235
@9tana	à¸›à¸£à¸°à¹€à¸—à¸¨à¹„à¸—à¸¢	14.8971921	100.83273
@AaronSteinhorst	Baraboo, Sauk County, Wisconsin, 53913, USA	43.4704014	-89.7437844
@aBIGq	å†…è’™å¤è‡ªæ²»åŒº, ä¸­å›½	43.2443242	114.3251664
@absinthol	USA	39.7837304	-100.4458825
@AbsurdNihilism	S. S. A., Jose Angel Leal, Priv. Villa JardÃ­n, Durango Ciudad, Durango, 34220, MÃ©xico	24.0494197	-104.6251771
@adbmalmeida	Lisboa, LSB, Lisboa, Grande Lisboa, Ãrea Metropolitana de Lisboa, 1100-148, Portugal	38.7077507	-9.1365919
@aemyn	Sydney, NSW, Australia	-33.8548157	151.2164539
@afi_tk	Toronto, Ontario, Canada	43.653963	-79.387207
@ahmadkaukabkhan	Alabama, USA	33.2588817	-86.8295337
@Alexturbin04401	Maine, USA	45.709097	-68.8590201
@AllBakkoi	Hellgate Rapids, Unorganized North Algoma, Algoma District, Ontario, Canada	46.9418242	-82.6627088
@Amant_de_pantsu	Portugal	40.033265	-7.8896263
@Amrissa93	Hospital, CantÃ³n San JosÃ©, Provincia San JosÃ©, 10103, Costa Rica	9.9335201	-84.0895548
@am_eromz	MontrÃ©al, AgglomÃ©ration de MontrÃ©al, MontrÃ©al (06), QuÃ©bec, Canada	45.4972159	-73.6103642
@andrew_martin97	Valdosta, Lowndes County, Georgia, USA	30.8327022	-83.2784851
@AntisocialJW2	Gamer, Quimper, FinistÃ¨re, Bretagne, France mÃ©tropolitaine, 29380, France	47.9443643	-3.6595413
@arikaleph	Palo Alto, Santa Clara County, California, USA	37.4455862	-122.1619289
@atomicloli	Africa	2.0000003	15.9999997
@azoko	Chicago, Cook County, Illinois, USA	41.8755616	-87.6244212
@babte28	Farmington Hills, Oakland County, Michigan, USA	42.4853125	-83.3771553
@BARONVONBADBEAV	Maryland, USA	39.5162234	-76.9382069
@Bayanita89	Ú˜Ù†Ø¯Ø± Ú¯Ú“ÛŒ, Ø¬Ø§Ù†ÙŠØ®ÛÙ„, Ø®ÙˆØ³Øª, Ø§ÙØºØ§Ù†Ø³ØªØ§Ù†	33.20916	69.527081
@bazyjonesy	Dublin, County Dublin, Leinster, Ireland	53.3497645	-6.2602732
@benNuwn	Austin, Travis County, Texas, USA	30.2711286	-97.7436995
@benshapiro	California, USA	36.7014631	-118.7559974
@BF3WOT	æ”¸å¿, æ ªæ´²å¸‚ / Zhuzhou, æ¹–å—çœ, ä¸­å›½	27.180171	113.483764
@BigBowsa	Texas, Hamngatan, KÃ¥lhagen, Hudiksvall, HÃ¤lsingland, GÃ¤vleborgs lÃ¤n, Norrland, 82422, Sverige	61.7272003	17.1098206
@bigfack	Mpls. Convention Center, Minneapolis Skyway, Loring Park, Minneapolis, Hennepin County, Minnesota, 55401:55403, USA	44.970041	-93.275861
@BIG_MOE_BANDZ	San Diego, San Diego County, California, USA	32.7174209	-117.1627714
@Blessedking12	Thriving Drive, Everroad Park, Columbus, Bartholomew County, Indiana, USA	39.2195846	-85.8892992
@bl_aze	Rhondda, G2, Riviere Towans, Hayle, Phillack, Cornwall, South West England, England, TR27 5AT, UK	50.19383355	-5.42349135
@Bonbonryu	Suomi	63.2467777	25.9209164
@BooDooPerson	BK, Kings County, NYC, New York, 11226, USA	40.6501038	-73.9495823
@brandonpop	Lyft, 185, Berry Street, South Beach, SF, California, 94107, USA	37.7759881	-122.3919991
@britasticuk	UK	54.7023545	-3.2765753
@BrittneyBodine1	Naperville, DuPage County, Illinois, USA	41.7728699	-88.1479278
@Brittnicorn	Ontario, Canada	50.000678	-86.000977
@bronyiceqb	Markham, York Region, Ontario, Canada	43.854336	-79.326782
@BroteamProtein	Wevelgem, Kortrijk, West-Vlaanderen, Vlaanderen, 8560, BelgiÃ« / Belgique / Belgien	50.8121065	3.18644500626665
@BrownandLuke1	Jacksonville, Duval County, Florida, USA	30.3321838	-81.655651
@btcplainenglish	Maryland, USA	39.5162234	-76.9382069
@BubblegumHell	Berkeley, Grey, Ontario, N0H 1C0, Canada	44.3669375	-80.7272504
@byroncclark	Christchurch, Christchurch City, Canterbury, New Zealand/Aotearoa	-43.530955	172.6366455
@cameronreilly	Brisbane, QLD, 4000, Australia	-27.4689682	153.0234991
@CanadianBdog	Canada	61.0666922	-107.9917071
@CartridgeGames	Somewhere, 26, Rue Saint-Jacques, Hyper Centre, Secteur 2, Canton de Grenoble 2, Grenoble, IsÃ¨re, Auvergne-RhÃ´ne-Alpes, France mÃ©tropolitaine, 38000, France	45.1891368	5.728288
@Chatetris	Canada	61.0666922	-107.9917071
@CherryNukaCola	Australia	-24.7761086	134.755
@chethan123	Bengaluru, Bangalore Urban, Karnataka, India	12.9791198	77.5912997
@ChrisGTech	Redmond, King County, Washington, USA	47.6694141	-122.1238767
@ChristianBahls	Rostock, Mecklenburg-Vorpommern, 18057, Deutschland	54.0924445	12.1286127
@Chromcake	Seattle, King County, Washington, USA	47.6038321	-122.3300624
@Chupacaubrey	Seattle, King County, Washington, USA	47.6038321	-122.3300624
@Cilllah	Brisbane, QLD, 4000, Australia	-27.4689682	153.0234991
@cocopc1	Westbrook Court, Burlington, Alamance County, North Carolina, 27215-5151, USA	36.083871	-79.482046
@Coffeeshopsofa	Amsterdam, Centrum, Amsterdam, Noord-Holland, Nederland	52.3745403	4.89797550561798
@ConnorJA_	Newcastle upon Tyne, Tyne and Wear, North East England, England, UK	54.9770924	-1.6142059
@corycasual	Anchorage, Alaska, USA	61.1758781	-149.1107333
@Cra1gy123	Livingston, West Lothian, Scotland, EH54 6AZ, UK	55.8878144	-3.5263401
@CrazyJuan77	Michigan, USA	43.6211955	-84.6824346
@Crisprtek	Office Park, Journal Center, ABQ, Bernalillo County, New Mexico, USA	35.14619495	-106.569005754303
@cuhshoobuh	Gig Harbor, Pierce County, Washington, USA	47.3259697	-122.5878659
@Cuttiebunny1	LA, Los Angeles County, California, USA	34.0536834	-118.2427669
@cy13nce	Gresik, Jawa Timur, 61116, Indonesia	-7.1571614	112.6559633
@Danlong___	é„ é‚‘åŒº (Huyi), è¥¿å®‰å¸‚, é™•è¥¿çœ, 710300, ä¸­å›½	33.99969	108.587635
@DarkRazorZ	ëŒ€í•œë¯¼êµ­	36.5581914	127.9408564
@DarthJcs	BROU, 3449, Avenida DÃ¡maso Antonio LarraÃ±aga, Villa EspaÃ±ola, Montevideo, 11820, Uruguay	-34.87350545	-56.1527477151961
@Darth_Quackers	Florida, USA	27.7567667	-81.4639835
@daveonthejob	South Carolina, USA	33.6874388	-80.4363743
@davidc_18	Lima PerÃº, Ciudad Tres MarÃ­as, Morelia, MichoacÃ¡n de Ocampo, 58250, MÃ©xico	19.707857	-101.1569992
@davtun	Madrid, Ãrea metropolitana de Madrid y Corredor del Henares, Comunidad de Madrid, 28001, EspaÃ±a	40.4167047	-3.7035825
@dawnerd	Beaverton, Washington County, Oregon, USA	45.4871723	-122.8037804
@ddowza	City of Melbourne, Victoria, Australia	-37.8142176	144.9631608
@DesolusDev	Boston, Suffolk County, Massachusetts, USA	42.3602534	-71.0582912
@DigiRanger1994	Jericho, Nassau County, New York, 11753, USA	40.7920441	-73.5398476
@Disasterbator	Tipperary House, 7, Parkgate Street, Arran Quay D ED, Dublin 7, Dublin, County Dublin, Leinster, D08 W2A8, Ireland	53.3480433	-6.2903953
@djsweatydank	Southern Gulf Islands Electoral Area, Capital Regional District, British Columbia, Canada	48.76266855	-123.187495263554
@DKshad0w	Terra Firma, Shearwater, Port Sorell, Tasmania, 7307, Australia	-41.16759415	146.536849231946
@docsigma	Kansas, USA	38.27312	-98.5821872
@donniemnemonic	Wellington, Wellington City, Wellington, 6141, New Zealand/Aotearoa	-41.2887467	174.7772092
@drinksechs	Ohio, USA	40.2253569	-82.6881395
@Druid_Con	Florida, USA	27.7567667	-81.4639835
@duncantrussell	à¸šà¹‰à¸²à¸™à¸­à¸­à¸™à¸à¸¥à¸²à¸‡, à¸ˆà¸±à¸‡à¸«à¸§à¸±à¸”à¹€à¸Šà¸µà¸¢à¸‡à¹ƒà¸«à¸¡à¹ˆ, à¸›à¸£à¸°à¹€à¸—à¸¨à¹„à¸—à¸¢	18.7732356	99.2605423
@DylanDoppelt	Chicago, Cook County, Illinois, USA	41.8755616	-87.6244212
@dylazer	Florida Peninsula, Lonesome Island Road, Highlands County, Florida, USA	27.25	-81.25
@earl_earlmax	Earth, Lamb County, Texas, USA	34.2331373	-102.4107493
@EbullentPrism	Grand Bassa, Liberia	6.1640621	-9.895669
@EDdotSE	Î”ÏÎ¬Î¼Î±, Î”Î®Î¼Î¿Ï‚ Î”ÏÎ¬Î¼Î±Ï‚, Î ÎµÏÎ¹Ï†ÎµÏÎµÎ¹Î±ÎºÎ® Î•Î½ÏŒÏ„Î·Ï„Î± Î”ÏÎ¬Î¼Î±Ï‚, Î ÎµÏÎ¹Ï†Î­ÏÎµÎ¹Î± Î‘Î½Î±Ï„Î¿Î»Î¹ÎºÎ®Ï‚ ÎœÎ±ÎºÎµÎ´Î¿Î½Î¯Î±Ï‚ ÎºÎ±Î¹ Î˜ÏÎ¬ÎºÎ·Ï‚, ÎœÎ±ÎºÎµÎ´Î¿Î½Î¯Î± - Î˜ÏÎ¬ÎºÎ·, 66100, Î•Î»Î»Î¬Î´Î±	41.1499443	24.1468286
@emanuelrv	HlavnÃ­ mÄ›sto Praha, Praha, ÄŒesko	50.0596288	14.446459273258
@EMPLmusic	Somis, Ventura County, California, 93066, USA	34.2572261	-118.9962124
@enemykrab	Semen, Jawa Timur, 64182, Indonesia	-7.7746282	112.0604744
@enkiv2	Nowhere, Franklin County, Kansas, USA	38.7311123	-95.2414104
@Enzemo	England, UK	52.7954791	-0.540240286617432
@Espiritualista1	SP, MicrorregiÃ£o de SÃ£o Paulo, RMSP, MesorregiÃ£o Metropolitana de SÃ£o Paulo, SP, RegiÃ£o Sudeste, Brasil	-23.5506507	-46.6333824
@esucksLAMB	USA	39.7837304	-100.4458825
@EvanMcM	Narrow path - thorn everywhere, SÃ¢ntelec, Bihor, 417278, RomÃ¢nia	46.9599823	22.0541733
@ezequielstacos	Mission Hills, Pacoima, LA, Los Angeles County, California, 91345, USA	34.2572249	-118.4670285
@f3rmion	India	22.3511148	78.6677428
@fatimagarthia	Titan, Calle de Juan Pablo Bonet, Torrero, Zaragoza, AragÃ³n, 50006, EspaÃ±a	41.6405873	-0.8891763
@filthyfujoshi	What!, Penylan, Cardiff, Wales, CF, UK	51.4987795	-3.14212002706831
@firebellys	City Mart ( Yay Kyaw Branch ), á€›á€±á€€á€»á€±á€¬á€ºá€œá€™á€ºá€¸, á€•á€¯á€‡á€½á€”á€ºá€á€±á€¬á€„á€º, Eastern District, á€›á€”á€ºá€€á€¯á€”á€º, Yangon, 11171, á€™á€¼á€”á€ºá€™á€¬	16.7794968	96.170573
@fishkeks	ĞœĞ°Ğ³Ğ½Ğ¸Ñ‚Ğ¾Ğ³Ğ¾Ñ€ÑĞº, ĞœĞ°Ğ³Ğ½Ğ¸Ñ‚Ğ¾Ğ³Ğ¾Ñ€ÑĞºĞ¸Ğ¹ Ğ³Ğ¾Ñ€Ğ¾Ğ´ÑĞºĞ¾Ğ¹ Ğ¾ĞºÑ€ÑƒĞ³, Ğ§ĞµĞ»ÑĞ±Ğ¸Ğ½ÑĞºĞ°Ñ Ğ¾Ğ±Ğ»Ğ°ÑÑ‚ÑŒ, Ğ£Ñ€Ğ°Ğ»ÑŒÑĞºĞ¸Ğ¹ Ñ„ĞµĞ´ĞµÑ€Ğ°Ğ»ÑŒĞ½Ñ‹Ğ¹ Ğ¾ĞºÑ€ÑƒĞ³, 455000, Ğ Ğ¤	53.4242184	58.983136
@Fizzit86	Deep South, 51, Grand Parade, Centre A, Cork, County Cork, Munster, T12 FH27, Ireland	51.8962154	-8.4751204
@FortuneMagazine	NYC, New York, USA	40.7308619	-73.9871558
@Freezing_Dart	Orbit, Lodhika gidc Road, Metoda GIDC, Rajkot, Gujarat, 360001, India	22.24940845	70.6859191048907
@Garon_w	Canada	61.0666922	-107.9917071
@garsidetogo	Dallas, Dallas County, Texas, USA	32.7762719	-96.7968559
@GART_9000	Tennessee, USA	35.7730076	-86.2820081
@Gedankenschild	Baden-WÃ¼rttemberg, Deutschland	48.6296972	9.1949534
@geekken	ëŒ€í•œë¯¼êµ­	36.5581914	127.9408564
@GENIC0N	Yusuf Hair Palnure, Internet, mobile money and Gift Centre, Mbale-Sironko-Kapchorwa Highway, Kapchorwa, Eastern Region, Uganda	1.3963413	34.4486308
@gigagiga335	Dreamland, Houghton County, Michigan, USA	47.0977044	-88.4131758
@giulianabaggio1	VEN, Italia	45.6476663	11.8665254
@givezerofx	Houston, Harris County, Texas, USA	29.7589382	-95.3676974
@GouldenDreams	Sydney, NSW, Australia	-33.8548157	151.2164539
@guscraw	Florida, USA	27.7567667	-81.4639835
@gyer2004	ãƒ‘ãƒ¬ã‚¹, ç¨šå†…å¤©å¡©ç·š, ç¨šå†…å¸‚, å¤©å¡©éƒ¡ (Teshio District), å®—è°·ç·åˆæŒ¯èˆˆå±€, åŒ—æµ·é“, åŒ—æµ·é“åœ°æ–¹, 097-0024, æ—¥æœ¬	45.405745	141.673148
@HarperStreet	Seattle, King County, Washington, USA	47.6038321	-122.3300624
@Heals4Cheese	Somewhere in Time Lane, Greene Township, Pike County, Pennsylvania, USA	41.314149	-75.211093
@heybowiee	Tuscaloosa County, Alabama, USA	33.2668398	-87.4862182
@hollyflannery	London, SÃ¤by, EnkÃ¶ping, Uppsala lÃ¤n, Svealand, Sverige	59.50384205	17.3857412245012
@Holtarna	Texas, USA	31.8160381	-99.5120986
@HoodratHyena	×™×¨×•×©×œ×™×, ××—×•×– ×™×¨×•×©×œ×™×, ×™×©×¨××œ	31.778345	35.2250786
@HW_BEAT_THAT	Quezon City, District IV, Quezon City, Metro Manila, 1100, Philippines	14.6509905	121.0486155
@IanHamlett	North, Riseley, Bedford, East of England, England, MK44 2YP, UK	52.2370231	-0.4686149
@iceloops123	Greater Toronto International Internet Exchange (GTIIX), 151, Front Street West, Financial District, Old Toronto, Toronto, Ontario, M5J 2L6, Canada	43.6446627	-79.3837855
@IcoloSky	Ø§Ù„Ø¹Ø§Ù„Ù…, Ø¯Ø¨ÙŠ, Ø¯Ø¨ÙŠâ€, Ø§Ù„Ø¥Ù…Ø§Ø±Ø§Øª Ø§Ù„Ø¹Ø±Ø¨ÙŠØ© Ø§Ù„Ù…ØªØ­Ø¯Ø©	25.2529955	55.1771471150149
@iEazyi	Miami International Airport, 2100, Northwest 18th Street, Miami Springs, Alameda, Miami-Dade County, Florida, 33142, USA	25.7949789	-80.2867234109541
@ignatiusmy	Miri, Taman Tunku, Bakam, Miri, Sarawak, Malaysia	4.3105438	113.9896873
@ilsoranese	Milano, MI, LOM, Italia	45.4667971	9.1904984
@imcarolyn	Earth, Lamb County, Texas, USA	34.2331373	-102.4107493
@iosminer	USA	39.7837304	-100.4458825
@jagax	Costa Rica	10.2735633	-84.0739102
@JamesGtfoVine	England, UK	52.7954791	-0.540240286617432
@jamesjenkins412	USA	39.7837304	-100.4458825
@jameswhite09	Dublin, County Dublin, Leinster, Ireland	53.3497645	-6.2602732
@jawesomeberg	Canada	61.0666922	-107.9917071
@jeffersoonf_	Brasil	-10.3333333	-53.2
@jigsawsecent	North Carolina, USA	35.6729639	-79.0392919
@jimothyrussell1	Portland, Multnomah County, Oregon, USA	45.5202471	-122.6741949
@jkru5	Seattle, King County, Washington, USA	47.6038321	-122.3300624
@joaquin_vique	Montevideo, Uruguay	-34.9059039	-56.1913569
@JohnFreemanGG	Hell, Livingston County, Michigan, USA	42.4347571	-83.9849477
@johnherna	Pennsylvania, USA	40.9699889	-77.7278831
@JohnRiche	Mount Pearl, Newfoundland and Labrador, Canada	47.5185206	-52.8061093
@JoshuaPatz	San Diego, San Diego County, California, USA	32.7174209	-117.1627714
@jtyost2	New Hampshire, USA	43.4849133	-71.6553992
@justinchines	ğŸ„ğŸŒ²ZAFAR PARKğŸŒ´ğŸŒ³âš½ï¸ğŸƒâ€â™‚ï¸ğŸ“ğŸ‘ğŸğŸ¸ğŸ¤¼â€â™€ï¸ğŸ‹ğŸ½â€â™€ï¸â›¹ğŸ»â€â™‚ï¸ğŸŒğŸ»â€â™€ï¸ğŸ¹, National Highway 45, Malakand, MardÄn District, Ø®ÛŒØ¨Ø± Ù¾Ø®ØªÙˆÙ†Ø®ÙˆØ§, â€Ù¾Ø§Ú©Ø³ØªØ§Ù†â€	34.6211536	71.9807149
@jwil1	New Zealand/Aotearoa	-41.5000831	172.8344077
@kakarotocm	Brasil	-10.3333333	-53.2
@Karmic_Mishap	New Mexico, USA	34.5708167	-105.993007
@Keksecrekt	Gaylord, Otsego County, Michigan, USA	45.027513	-84.674752
@ken____neth	Lol, MessamÃ©na, Haut-Nyong, ES, Cameroun	3.4978968	12.8686044
@kevinbrash	Vancouver, Metro Vancouver, British Columbia, Canada	49.2608724	-123.1139529
@KillshotKenny	Michigan, USA	43.6211955	-84.6824346
@Killuminati662	California, USA	36.7014631	-118.7559974
@kingjames04x11	Brookfield, Waukesha County, Wisconsin, USA	43.0605671	-88.1064787
@KiraSadboi	USA	39.7837304	-100.4458825
@kkarenchan	æ¹¾å²¸åƒè‘‰ï¼©ï¼£, æ±é–¢æ±è‡ªå‹•è»Šé“, ç¾æµœåŒº, åƒè‘‰å¸‚, åƒè‘‰çœŒ, é–¢æ±åœ°æ–¹, 261-0014, æ—¥æœ¬	35.6491079	140.0586337
@kmain	Mumbai, Mumbai City, Maharashtra, India	18.9387711	72.8353355
@KolaHR	Durham County, North Carolina, USA	36.0181316	-78.8751582
@kylebrussell	San Francisco, Rue Ã‰vangÃ©line, Granby, La Haute-Yamaska, MontÃ©rÃ©gie, QuÃ©bec, J2G 2Z5, Canada	45.4149778	-72.749396
@LagSeeN	Ø§Ù„Ø¹Ø§Ù„Ù…, Ø¯Ø¨ÙŠ, Ø¯Ø¨ÙŠâ€, Ø§Ù„Ø¥Ù…Ø§Ø±Ø§Øª Ø§Ù„Ø¹Ø±Ø¨ÙŠØ© Ø§Ù„Ù…ØªØ­Ø¯Ø©	25.2529955	55.1771471150149
@leroytorner	EncarnaciÃ³n, Alto VerÃ¡, ItapÃºa, RegiÃ³n Oriental, 6000, Paraguay	-27.3376114	-55.8669492
@LeslieYeow	Ottawa, Ontario, Canada	45.421106	-75.690308
@Levisan	Edmonton, Alberta, T5K 2B6, Canada	53.535411	-113.507996
@liz_kusanagi	NYC, New York, USA	40.7308619	-73.9871558
@loesto	Ciudad de MÃ©xico, CuauhtÃ©moc, 06060, MÃ©xico	19.4326009	-99.1333416
@Lowenaffchen	Middleton Colony, Essex County, Massachusetts, 01949-2807, USA	42.5903719	-70.9925525
@lprazdnik	USA	39.7837304	-100.4458825
@LueBar	Seattle, King County, Washington, USA	47.6038321	-122.3300624
@LunaticPaul	Death Valley, Timbisha, Inyo County, California, USA	36.42404725	-116.914043672057
@Madmatb	Hotspot Auto Parts, Dundas Street West, Lambton, York, Toronto, Ontario, M6S, Canada	43.6649615	-79.5006218
@MADSwaggger	Lowertown/Basseville Community Garden (AKA: Angel Square Garden / Location 2), Sandy Hill, Rideau-Vanier, Ottawa, Ontario, Canada	45.4346688	-75.68067965
@magicalfuntime	Internet, Commune Saint Michel de L'Atalaye, Arrondissement de Marmelade, DÃ©partement de l'Artibonite, Ayiti	19.37218875	-72.3346544510523
@maid009	Masters Trail, The Residences at Cuneo Mansion & Gardens, Vernon Hills, Lake County, Illinois, 60061, USA	42.2556089	-87.9546763
@MarcusFurius72	In Dreams, 4, Calle de San Mateo, Justicia, Centro, Madrid, Ãrea metropolitana de Madrid y Corredor del Henares, Comunidad de Madrid, 28004, EspaÃ±a	40.4250369	-3.7003272
@mariocotto	Õ€Õ¡ÕµÕ¡Õ½Õ¿Õ¡Õ¶	40.7696272	44.6736646
@marshray	Issaquah, King County, Washington, USA	47.5348778	-122.0432974
@matiass	MÃ¡laga, AndalucÃ­a, EspaÃ±a	36.7213028	-4.4216366
@MatthewBevan	NSW, Australia	-31.8759835	147.2869493
@matthewglen_	Iowa, USA	41.9216734	-93.3122705
@meatmufin	Gym, Avenue Albanie, A, Brossard, Longueuil (agglomeration), MontÃ©rÃ©gie, QuÃ©bec, J4Z 3H7, Canada	45.4805788	-73.4530174640344
@MeSoAvery	West Lafayette, Tippecanoe County, Indiana, USA	40.4258686	-86.9080655
@Microsoft	Redmond, King County, Washington, USA	47.6694141	-122.1238767
@MikeTront	Indianapolis, Marion County, Indiana, 46204, USA	39.7683331	-86.1583502
@Miloelmekawy	Ø§Ù„Ø¬ÙŠØ²Ø©, Ù…Ø­Ø§ÙØ¸Ø© Ø§Ù„Ø¬ÙŠØ²Ø©â€, 12541, Ù…ØµØ±	30.0170059	31.2134513
@Mindtaker_	Edmonton, Alberta, T5K 2B6, Canada	53.535411	-113.507996
@mjfidel	Tulsa, Tulsa County, Oklahoma, USA	36.1556805	-95.9929113
@mmyycczz	CDMX, MÃ©xico	19.32055625	-99.1517010707765
@Moopish	Le Void, Marainviller, LunÃ©ville, Meurthe-et-Moselle, Grand Est, France mÃ©tropolitaine, 54300, France	48.5914619	6.5912872
@Moose_Bigelow	Puyallup, Pierce County, Washington, USA	47.1849009	-122.2921406
@mralext20	Alaska, USA	64.4459613	-149.680909
@mrjasan	Naples, Collier County, Florida, USA	26.1421976	-81.7942944
@mrsavefenix	Madrid, Ãrea metropolitana de Madrid y Corredor del Henares, Comunidad de Madrid, 28001, EspaÃ±a	40.4167047	-3.7035825
@mr_chun	Atlanta, Fulton County, Georgia, USA	33.7490987	-84.3901849
@MsToun	Toronto, Ontario, Canada	43.653963	-79.387207
@Myles_of_em	Surrey, Metro Vancouver, British Columbia, V3T 1V8, Canada	49.1913033	-122.8491439
@mythicalpizza	Kansas City, Wyandotte County, Kansas, USA	39.1134562	-94.626497
@nCatalogna	Aire, Avenida Belgrano, Microcentro, Comuna 1, Monserrat, CABA, C1091ABA, Argentina	-34.6130461	-58.3824172
@newarknj360	Mays Landing, Atlantic County, New Jersey, 08330, USA	39.4523326	-74.727661
@NewDarkAge	Manchester, Greater Manchester, North West England, England, UK	53.4791301	-2.2441009
@NickTheFNicon	Waco, McLennan County, Texas, USA	31.549333	-97.1466695
@NikolajewDesign	MontrÃ©al, AgglomÃ©ration de MontrÃ©al, MontrÃ©al (06), QuÃ©bec, Canada	45.4972159	-73.6103642
@nileriverr	Baby Island, 55-48, Myrtle Avenue, Ridgewood, Queens County, NYC, New York, 11418, USA	40.6999226	-73.9068011
@noeleon64	Evansville, Vanderburgh County, Indiana, USA	37.9747645	-87.5558483
@Nonsensicole	California, USA	36.7014631	-118.7559974
@norareed	New Mexico, USA	34.5708167	-105.993007
@Nuclear_Fishin	Sydney, NSW, Australia	-33.8548157	151.2164539
@oceangrunge	Monterrey, Nuevo LeÃ³n, MÃ©xico	25.63978365	-100.293101629066
@oliverbcampbell	Iowa, USA	41.9216734	-93.3122705
@ollchicken	Minnesota, USA	45.9896587	-94.6113288
@Outer_Zevin	Kentucky, USA	37.5726028	-85.1551411
@papertigerss	Buffalo, Erie County, New York, USA	42.8867166	-78.8783922
@PaulinaSedgwick	CDMX, MÃ©xico	19.32055625	-99.1517010707765
@paytno	Gardner, Johnson County, Kansas, 66030, USA	38.8109254	-94.9272958
@PeIicans	Nashville-Davidson, Davidson County, Tennessee, USA	36.1622296	-86.7743531
@Pemalite	South Australia, Australia	-30.5343665	135.6301212
@pfaliano	Medford, Middlesex County, Massachusetts, USA	42.4184296	-71.1061639
@playr	Bengaluru, Bangalore Urban, Karnataka, India	12.9791198	77.5912997
@PLUTOAPLANET	Pluto, Raleigh County, West Virginia, USA	37.7103957	-80.9923144
@Potrblog	St. Louis, City of St. Louis, Missouri, USA	38.6272733	-90.1978889
@Potross	York, Yorkshire and the Humber, England, YO1 8RS, UK	53.9590555	-1.0815361
@PrincepsSigge	Great White, Gulf Shores, Baldwin County, Alabama, 35642, USA	30.2595435	-87.684786
@protensity	USA	39.7837304	-100.4458825
@qu3becker	Laval (13), QuÃ©bec, Canada	45.60558895	-73.7344173056906
@raffy_giul	Sydney, NSW, Australia	-33.8548157	151.2164539
@rainsfx	Florida, USA	27.7567667	-81.4639835
@RamblingCake	Philadelphia, Philadelphia County, Pennsylvania, USA	39.9524152	-75.1635755
@reissdjo	Thurrock, East of England, England, UK	51.5080169	0.396281764543767
@RFord27	Toronto, Ontario, Canada	43.653963	-79.387207
@Riilu_	Sverige	59.6749712	14.5208584
@rivin2e	Texas, USA	31.8160381	-99.5120986
@robertnlee	Portland International Airport, Portland Airport, Portland, Multnomah County, Oregon, 97218, USA	45.5871326	-122.592779849392
@robotopossom	Eastern University, Huston Road, Radnor Township, Delaware County, Pennsylvania, 19087, USA	40.0505672	-75.3710932636663
@RobotParking	La Cantada, Reznos, Campo de GÃ³mara, Soria, Castilla y LeÃ³n, EspaÃ±a	41.5836322	-2.0311339
@roedoralado	Santiago, Provincia de Santiago, RegiÃ³n Metropolitana de Santiago, Chile	-33.4377968	-70.6504451
@roloz	San Salvador, Departamento de San Salvador, CP-1101, El Salvador	13.6989939	-89.1914249
@RossSheingold	LA, Los Angeles County, California, USA	34.0536834	-118.2427669
@SAL3977	NYC, New York, USA	40.7308619	-73.9871558
@Samdesu117	NYC, New York, USA	40.7308619	-73.9871558
@schmotdocker	Chicago, Cook County, Illinois, USA	41.8755616	-87.6244212
@sdiox	Globol, 760, Avenida Julius Nyerere, Sommerschield I, Distrito Urbano de KaMpfumo, Maputo, Cidade de Maputo, C.P. 338, MoÃ§ambique	-25.9737263	32.594399
@SebasAcevedo	MedellÃ­n, Zona Urbana MedellÃ­n, MedellÃ­n, Valle de AburrÃ¡, Antioquia, 0500, Colombia	6.2443382	-75.573553
@seeinginfrared	USA	39.7837304	-100.4458825
@SFucc	France mÃ©tropolitaine, France	46.603354	1.8883335
@Sickroy6	Kleve, Kreis Kleve, Regierungsbezirk DÃ¼sseldorf, Nordrhein-Westfalen, 47533, Deutschland	51.7895571	6.1376008
@SiefatFatin	Toronto, Ontario, Canada	43.653963	-79.387207
@silviaestefa	Lima, PerÃº	-12.0621065	-77.0365256
@SingularitySpy	USA	39.7837304	-100.4458825
@SkeletonBill	Halifax, Yorkshire and the Humber, England, HX1 1TH, UK	53.7229229	-1.8604874
@SlackerK	Vancouver, Metro Vancouver, British Columbia, Canada	49.2608724	-123.1139529
@slowbeef	New Jersey, USA	40.0757384	-74.4041622
@smnul	Why, Pima County, Arizona, USA	32.268672	-112.7387586
@Smurgen	SF, California, USA	37.7647993	-122.4629897
@snes2	×™×©×¨××œ	30.8760272	35.0015196
@soderstrom	Virginia Beach, Virginia, 23451, USA	36.8529841	-75.9774183
@Soomeguy	JoÃ£o Pessoa, MicrorregiÃ£o de JoÃ£o Pessoa, RegiÃ£o Metropolitana de JoÃ£o Pessoa, MesorregiÃ£o da Mata Paraibana, PB, RegiÃ£o Nordeste, Brasil	-7.1215981	-34.882028
@SoSquirrel	Ğ£ĞºÑ€Ğ°Ñ—Ğ½Ğ°	49.4871968	31.2718321
@SRAlbatross	Leicester, East Midlands, England, LE1 5YA, UK	52.6361398	-1.1330789
@sschinke	Canada	61.0666922	-107.9917071
@Suppose_Not	Metro Area, Ettumanoor - Ernakulam Road, Chambakara, Thaikoodam, Kochi, Ernakulam, Kerala, 682019, India	9.968404	76.3206237924495
@swamiwammiloo	Toronto, Ontario, Canada	43.653963	-79.387207
@SweetLemons77	Mountain King, Ranchitos Road, San Pedro, Santa Fe County, New Mexico, USA	35.2405979	-106.1989126
@SwiftOnSecurity	Cyber, Bend, Deschutes County, Oregon, 97702, USA	44.0484363	-121.3248943
@swxxii	City of Melbourne, Victoria, Australia	-37.8142176	144.9631608
@tangemess	Vancouver, Metro Vancouver, British Columbia, Canada	49.2608724	-123.1139529
@Tawnie	Norge, Ytterbyvegen, Namsos, TrÃ¸ndelag, 7810, Norge	64.5731537	11.5280364395482
@tfwnololi	USA	39.7837304	-100.4458825
@thebigshotjames	Denver, Denver County, Colorado, USA	39.7391428	-104.984696
@TheBionicOnion	Irvine, Cypress County, Alberta, Canada	49.9584438	-110.2732606
@TheBrownHatter	Missouri, USA	38.7604815	-92.5617875
@TheCasualCritic	Lethbridge, City of Lethbridge, Alberta, T1J 4L3, Canada	49.694285	-112.851562
@TheHippestHippo	Mesquite, Farmers Branch, Dallas County, Texas, 75244, USA	32.9279051	-96.8481846
@TheMr357	USA	39.7837304	-100.4458825
@themushmouth	Nowhere, Franklin County, Kansas, USA	38.7311123	-95.2414104
@TheOnlyAhKi	Dallas, Dallas County, Texas, USA	32.7762719	-96.7968559
@TheRealMagua	Columbus, Franklin County, Ohio, USA	39.9622601	-83.0007065
@thomasclarkin	The Yacht Club, Saint Simon Mills, Glynn County, Georgia, USA	31.16491425	-81.411878263692
@thomasthebest13	Massachusetts, USA	42.3788774	-72.032366
@TidFriction	NSW, Australia	-31.8759835	147.2869493
@TimCho0	å¹¿ä¸œçœ, ä¸­å›½	23.1357694	113.1982688
@timonus	SF, California, USA	37.7647993	-122.4629897
@tirckt	D, 31, Avenue Pasteur, Le Pharo, Marseille 7e Arrondissement, Marseille, Bouches-du-RhÃ´ne, Provence-Alpes-CÃ´te d'Azur, France mÃ©tropolitaine, 13007, France	43.2903156	5.36021353984594
@tony666cuban	Kiribati	0.306	173.664834025
@Tucson_Police	Tucson, Pima County, Arizona, USA	32.2218917	-110.9262353
@tundeTokun	Canada	61.0666922	-107.9917071
@TyboyN17	Long Island, Town of Webb, Herkimer County, New York, USA	43.90594575	-74.9983060734476
@Uberburner	Roswell, Chaves County, New Mexico, USA	33.3943282	-104.5229518
@UchoaYI	Novo Gama, MicrorregiÃ£o do Entorno de BrasÃ­lia, RegiÃ£o Integrada de Desenvolvimento do Distrito Federal e Entorno, MesorregiÃ£o Leste Goiano, GO, RegiÃ£o Centro-Oeste, 72860549, Brasil	-16.0504416	-48.0311964
@undefined_truth	California, USA	36.7014631	-118.7559974
@utsavdavda07	New Delhi, Delhi, India	28.6141793	77.2022662
@vairik	Hell, StjÃ¸rdal, TrÃ¸ndelag, 7502, Norge	63.445531	10.9032872
@Versec_Kami	EspaÃ±a	39.3262345	-4.8380649
@victorymonk	Wish You Were Here, High Street, St. Neots, St Neots, Cambridgeshire, East of England, England, PE19 1JA, UK	52.228106	-0.2677554
@VoidFriction	Alaska, USA	64.4459613	-149.680909
@VulpesInkulta	Ğ¡Ğ°Ğ½ĞºÑ‚-ĞŸĞµÑ‚ĞµÑ€Ğ±ÑƒÑ€Ğ³, Ğ¦ĞµĞ½Ñ‚Ñ€Ğ°Ğ»ÑŒĞ½Ñ‹Ğ¹ Ñ€Ğ°Ğ¹Ğ¾Ğ½, Ğ¡Ğ°Ğ½ĞºÑ‚-ĞŸĞµÑ‚ĞµÑ€Ğ±ÑƒÑ€Ğ³, Ğ¡ĞµĞ²ĞµÑ€Ğ¾-Ğ—Ğ°Ğ¿Ğ°Ğ´Ğ½Ñ‹Ğ¹ Ñ„ĞµĞ´ĞµÑ€Ğ°Ğ»ÑŒĞ½Ñ‹Ğ¹ Ğ¾ĞºÑ€ÑƒĞ³, 190000, Ğ Ğ¤	59.938732	30.316229
@whitneyd	LA, Los Angeles County, California, USA	34.0536834	-118.2427669
@WilltheMgkAsian	Petaluma, Sonoma County, California, USA	38.270022	-122.606122413043
@wrath93	London, Greater London, England, SW1A 2DU, UK	51.5073219	-0.1276474
@wrythink	Alberta, Canada	55.001251	-115.002136
@WutenTagClan	Zug, Schweiz/Suisse/Svizzera/Svizra	47.1679898	8.5173652
@Xandor22	Oklahoma, USA	34.9550817	-97.2684063
@xlevix10	937, Westfield Road, Lockheed Martin Maritime Systems and Sensors, Moorestown Township, Burlington County, New Jersey, 08057, USA	39.9917962702453	-74.9423009853537
@Xyphorium	Danmark	55.670249	10.3333283
@Yangjo1234	×™×©×¨××œ	30.8760272	35.0015196
@YangTerrence	San Francisco, Rue Ã‰vangÃ©line, Granby, La Haute-Yamaska, MontÃ©rÃ©gie, QuÃ©bec, J2G 2Z5, Canada	45.4149778	-72.749396
@yoloslavia	Seward County, Kansas, USA	37.1850331	-100.8928434
@Yoongasm	Canada	61.0666922	-107.9917071
@YouHurtMyFeels	United States of America	51.75693885	178.105906552159
@zandadafu	NYC, New York, USA	40.7308619	-73.9871558
@ZanderHudson28	Espoo, Helsingin seutukunta, Uusimaa, EtelÃ¤-Suomi, Manner-Suomi, Suomi	60.2241869	24.6603626
@Zlatty	San Francisco, Rue Ã‰vangÃ©line, Granby, La Haute-Yamaska, MontÃ©rÃ©gie, QuÃ©bec, J2G 2Z5, Canada	45.4149778	-72.749396
@zv	Alabama, USA	33.2588817	-86.8295337
@_Cuddlefish_	Vancouver, Metro Vancouver, British Columbia, Canada	49.2608724	-123.1139529
@_JsP__	South of Heaven, 204, East Winnequah Road, Tonyawatha, Monona, Dane County, Wisconsin, 53716, USA	43.0761456	-89.3227110468076
@_leobernard	Saxman, Ketchikan Gateway, Alaska, USA	55.3183333	-131.5958333
@_malechai_	Ontario, Canada	50.000678	-86.000977
@_markedone	South Africa	-28.8166236	24.991639
@_Tors	Sydney, NSW, Australia	-33.8548157	151.2164539
